<?xml version="1.0" encoding="UTF-8"?>
<project-private xmlns="http://www.netbeans.org/ns/project-private/1">
    <editor-bookmarks xmlns="http://www.netbeans.org/ns/editor-bookmarks/2" lastBookmarkId="0"/>
    <open-files xmlns="http://www.netbeans.org/ns/projectui-open-files/2">
        <group>
            <file>file:/C:/Users/Estudiante/Downloads/LABORATORIO%202%20-%20SARA%20GARCÍA/Laboratorio2/src/laboratorio2_1/MediayMediana.java</file>
            <file>file:/C:/Users/Estudiante/Downloads/LABORATORIO%202%20-%20SARA%20GARCÍA/Laboratorio2/src/laboratorio2_1/Varianza.java</file>
            <file>file:/C:/Users/Estudiante/Downloads/LABORATORIO%202%20-%20SARA%20GARCÍA/Laboratorio2/src/laboratorio2_1/Moda.java</file>
            <file>file:/C:/Users/Estudiante/Downloads/LABORATORIO%202%20-%20SARA%20GARCÍA/Laboratorio2/src/laboratorio2_1/Desviacion_Estandar.java</file>
            <file>file:/C:/Users/Estudiante/Downloads/LABORATORIO%202%20-%20SARA%20GARCÍA/Laboratorio2/src/laboratorio2_1/Main.java</file>
        </group>
    </open-files>
</project-private>
